Python,Java,SQL,HTML,C++,Problem_Solving,DBMS,JavaScript,Data_Structures,Communication,Career
8.41,8.95,9.75,3.5,5.72,8.9,5.2,3.0,8.04,4.33,Software Developer
9.55,3.5,3.67,9.39,4.37,7.34,6.36,7.83,2.56,7.71,Web Developer
7.8,7.74,3.03,4.1,4.61,8.85,3.87,7.26,3.38,4.3,DevOps Engineer
9.13,4.8,7.35,2.61,4.29,9.4,5.9,7.08,9.76,2.98,AI Engineer
7.54,7.64,7.71,5.17,3.75,3.26,7.23,7.14,3.06,6.74,Cloud Engineer
8.73,7.94,6.7,5.24,5.33,8.5,4.2,2.63,7.7,5.28,DevOps Engineer
9.79,9.52,6.07,6.85,3.26,4.08,9.49,6.33,3.26,6.38,Cloud Engineer
7.05,9.81,9.89,7.35,8.0,5.13,3.83,8.81,3.62,7.53,Full Stack Developer
6.24,7.74,7.43,5.84,6.8,7.1,7.2,6.78,4.51,4.61,Database Administrator
4.05,5.46,4.28,6.37,4.09,3.97,9.57,7.92,6.24,7.29,Technical Support
9.44,9.01,7.06,6.56,6.27,5.4,8.94,4.83,4.49,4.49,Cloud Engineer
7.81,7.18,7.07,7.26,7.35,3.84,5.06,8.83,4.58,2.66,Web Developer
4.73,8.51,9.69,6.37,4.21,3.15,7.54,4.12,5.88,7.66,QA Tester
7.14,7.97,2.62,5.73,9.75,9.32,7.16,7.23,7.78,4.55,Embedded Engineer
8.39,5.75,5.21,6.75,7.59,9.7,6.68,3.85,7.02,4.76,Game Developer
6.04,9.08,8.83,3.56,3.86,5.57,3.74,7.85,4.14,7.87,QA Tester
2.94,7.56,5.77,6.21,3.79,7.36,9.67,3.85,8.78,5.91,Java Developer
9.46,7.81,3.09,7.08,4.22,6.23,7.77,8.19,6.43,2.92,Web Developer
3.77,9.12,2.55,8.52,4.55,8.85,6.17,5.89,5.16,5.18,Mobile App Developer
7.75,3.16,3.56,7.36,5.45,6.69,3.52,7.65,5.16,6.49,Web Developer
8.47,8.98,7.27,5.49,7.55,9.66,4.53,4.95,7.79,5.06,Software Engineer
8.99,8.8,7.6,2.64,7.51,7.88,2.95,7.14,7.93,4.69,Software Engineer
9.28,9.6,9.46,5.33,7.48,7.93,5.29,3.25,9.55,7.34,Software Engineer
7.89,4.77,5.53,2.84,7.84,7.41,3.6,7.37,8.58,5.97,Game Developer
9.71,5.89,7.9,5.51,2.5,7.86,4.86,5.69,6.1,5.06,Python Developer
8.82,8.55,4.3,5.87,3.39,9.97,6.57,4.15,4.35,7.06,DevOps Engineer
8.24,3.04,5.19,4.74,7.73,7.1,8.11,4.94,7.73,7.2,Cybersecurity Analyst
8.22,5.48,8.25,3.64,4.81,9.71,5.71,6.33,7.21,6.71,Python Developer
8.68,3.95,8.75,7.44,4.7,7.66,9.99,5.3,7.27,2.76,Data Analyst
8.62,6.46,9.23,6.19,4.5,7.21,6.15,4.32,4.23,7.16,Python Developer
5.31,4.8,3.26,4.61,3.52,6.0,9.08,6.05,8.0,8.66,Technical Support
9.36,8.87,8.57,4.81,8.24,7.44,5.73,6.67,9.82,7.59,Software Engineer
9.08,4.18,5.7,8.42,5.42,4.84,6.6,7.99,6.37,3.99,Web Developer
8.35,3.76,4.36,4.99,4.79,7.29,8.28,6.16,4.56,3.34,Cybersecurity Analyst
4.82,5.16,2.92,3.88,3.86,8.88,8.78,3.58,3.09,7.91,Network Engineer
5.13,7.61,8.62,7.63,6.33,3.26,5.89,5.73,3.83,9.01,QA Tester
9.46,6.63,9.02,3.74,3.6,7.07,3.85,5.11,7.17,2.9,Python Developer
3.25,6.75,9.26,3.23,7.96,7.43,5.42,2.55,6.08,8.32,Business Analyst
8.87,2.65,4.67,8.69,2.65,6.04,3.25,8.39,2.78,4.59,Web Developer
7.3,6.27,5.49,7.88,4.47,8.19,7.57,3.17,7.16,5.0,Cybersecurity Analyst
7.63,7.69,9.63,4.23,6.1,8.19,9.74,5.02,7.79,3.86,Data Analyst
8.11,3.65,7.8,7.65,6.06,8.83,7.51,6.51,7.49,4.59,Data Analyst
8.32,5.38,7.48,4.55,4.06,8.23,4.36,5.79,9.37,6.06,AI Engineer
6.87,5.3,7.36,3.61,3.26,9.37,7.08,5.55,4.53,6.92,Database Administrator
8.92,2.64,7.83,3.73,6.55,9.03,9.68,2.98,8.27,2.66,Data Analyst
9.11,8.36,9.06,7.58,6.83,8.88,6.14,7.64,8.28,5.5,Software Developer
9.82,7.46,6.12,6.46,5.83,9.53,5.6,7.04,2.66,2.75,DevOps Engineer
8.69,7.3,7.86,5.45,8.03,8.23,4.61,5.17,8.83,2.71,Software Engineer
9.0,7.93,8.79,7.73,7.4,8.84,6.46,5.28,7.07,5.51,Python Developer
6.47,5.95,7.45,4.76,6.28,9.58,2.98,3.05,6.64,8.77,Business Analyst
7.44,7.63,3.87,3.07,6.79,9.65,8.22,5.91,7.46,7.61,Java Developer
7.23,5.63,8.1,6.26,6.69,9.86,6.74,2.59,2.87,7.79,Business Analyst
6.13,7.11,5.96,9.71,6.05,4.2,4.92,8.74,6.53,7.27,UI/UX Designer
9.69,7.06,9.45,4.17,7.84,8.47,6.33,3.04,9.61,3.24,Software Engineer
5.48,8.93,2.82,7.1,7.16,9.84,6.18,6.7,4.77,7.13,Mobile App Developer
7.74,5.04,6.4,4.91,4.1,9.08,9.46,6.88,4.75,8.5,Network Engineer
4.07,9.97,8.63,5.22,7.66,7.18,5.07,3.56,3.12,7.49,QA Tester
8.12,5.97,6.05,5.7,7.78,9.44,2.62,2.85,9.71,4.94,Game Developer
8.81,9.62,7.56,9.29,6.48,5.57,5.14,9.61,4.33,7.76,Full Stack Developer
4.61,7.8,7.94,3.27,4.02,7.25,5.54,5.8,5.84,9.34,Business Analyst
7.27,9.89,9.51,5.66,7.73,10.0,6.2,3.98,7.12,6.66,Software Developer
6.65,9.86,7.91,6.48,2.56,6.1,6.31,2.84,3.15,7.92,QA Tester
5.69,8.25,3.34,7.99,4.59,9.5,5.25,6.1,6.27,3.92,Mobile App Developer
9.54,7.86,9.46,5.87,6.03,7.08,7.61,7.06,7.8,3.49,AI Engineer
4.24,9.26,2.9,5.02,7.99,9.99,7.22,3.67,7.8,7.63,Java Developer
4.2,6.58,9.22,3.16,6.39,9.1,3.4,7.74,5.38,9.35,Business Analyst
3.07,5.66,9.17,3.76,5.3,7.13,7.25,3.85,5.09,8.15,Business Analyst
6.01,4.83,3.88,9.54,3.6,4.62,5.16,7.71,5.65,8.72,UI/UX Designer
7.68,7.49,7.39,3.36,7.3,7.62,3.54,6.33,6.47,6.51,Embedded Engineer
7.05,8.55,7.26,6.18,3.52,3.27,4.28,3.86,3.93,7.71,QA Tester
7.55,7.15,9.82,5.13,7.02,8.2,2.91,5.96,7.16,3.32,Software Developer
7.04,5.15,6.94,9.24,4.36,3.13,7.8,7.42,7.82,9.58,UI/UX Designer
8.83,7.72,7.48,5.53,5.54,7.28,7.96,7.52,8.38,3.15,Software Developer
7.65,8.71,5.1,6.82,6.94,7.57,7.29,4.87,8.27,5.07,Java Developer
3.46,9.91,6.31,7.61,9.36,7.67,5.74,3.46,4.19,6.29,Embedded Engineer
3.09,7.02,4.2,8.08,3.98,7.4,3.53,4.97,5.55,4.74,Mobile App Developer
9.29,5.47,9.34,5.42,2.5,7.97,7.06,7.61,9.64,7.07,Data Analyst
7.56,6.3,5.49,6.85,4.48,9.69,8.61,6.01,2.97,9.31,Network Engineer
7.17,8.51,7.87,9.45,6.52,4.25,5.79,9.02,4.26,4.16,Full Stack Developer
9.89,3.8,3.94,4.23,9.4,9.1,6.54,4.25,7.82,2.91,Game Developer
4.46,6.79,9.6,4.33,3.18,8.1,9.67,6.59,7.42,4.63,Database Administrator
4.82,7.84,3.87,7.58,4.94,9.58,8.65,2.78,10.0,7.1,Java Developer
7.26,6.46,5.19,9.27,6.3,6.05,5.2,9.38,3.01,3.72,Web Developer
7.62,3.69,7.28,4.31,3.31,9.7,7.01,7.22,3.3,3.21,Cybersecurity Analyst
3.44,8.13,6.53,5.51,9.69,7.28,5.77,5.88,5.16,2.67,Embedded Engineer
7.99,3.17,4.44,6.16,6.63,9.6,9.16,7.83,5.8,4.43,Cybersecurity Analyst
6.98,6.38,4.14,5.88,2.97,3.24,7.35,4.18,3.51,9.08,Technical Support
6.12,4.45,6.06,2.74,7.91,9.03,8.2,6.64,7.81,8.29,Network Engineer
3.64,9.11,7.95,4.42,7.64,6.87,4.0,3.17,6.22,8.14,QA Tester
4.74,9.81,9.64,5.13,3.6,7.8,4.27,6.05,7.49,7.27,QA Tester
7.5,7.32,3.03,7.45,3.56,8.58,6.98,3.97,4.68,4.55,Mobile App Developer
9.1,4.55,7.86,2.97,7.29,7.4,7.01,2.91,8.7,4.89,Game Developer
9.95,9.92,9.43,3.19,8.27,9.96,4.89,7.98,8.88,7.09,Software Engineer
7.72,4.33,5.91,6.92,4.31,8.0,9.45,7.23,7.86,7.41,Network Engineer
7.43,8.98,7.66,7.9,2.84,7.72,7.34,9.73,5.94,4.85,Full Stack Developer
5.02,6.15,4.47,2.85,5.44,3.7,8.29,3.67,3.98,9.49,Technical Support
9.73,2.9,2.94,5.85,2.86,7.83,8.9,5.52,4.29,7.97,Cybersecurity Analyst
8.35,7.02,2.94,3.91,7.09,5.52,9.18,5.4,3.11,4.08,Cloud Engineer
9.97,6.02,8.67,6.27,7.14,9.33,7.69,2.68,7.95,3.97,Data Analyst
2.54,8.65,2.57,8.59,4.01,9.93,2.59,6.97,6.21,6.93,Mobile App Developer
8.98,7.47,7.52,2.91,2.51,8.35,5.77,4.1,7.69,6.39,Software Developer
8.23,9.31,9.3,9.93,6.05,4.81,7.96,8.15,7.28,7.49,Full Stack Developer
7.09,6.26,3.45,3.68,7.56,7.84,7.36,2.69,8.86,3.85,Game Developer
5.0,4.27,3.54,9.09,5.64,3.78,6.77,7.13,6.6,9.12,UI/UX Designer
3.49,7.96,3.7,7.43,9.34,7.18,7.95,5.41,6.72,8.0,Embedded Engineer
3.79,6.11,9.11,2.51,5.12,7.4,3.74,6.24,2.55,9.09,Business Analyst
8.99,6.03,5.78,2.62,6.83,7.73,7.38,5.61,2.88,6.71,Cybersecurity Analyst
7.31,4.92,5.39,8.37,6.47,4.75,6.1,7.46,5.08,9.91,UI/UX Designer
2.51,8.16,6.53,7.83,9.65,8.48,4.58,5.5,3.06,5.14,Embedded Engineer
7.03,4.52,7.02,2.73,6.45,5.5,9.97,3.06,7.07,9.25,Technical Support
9.99,6.07,8.31,5.35,3.17,7.67,8.01,5.74,7.69,3.71,Data Analyst
3.96,9.35,5.0,4.83,7.77,9.99,8.67,6.45,7.46,4.13,Java Developer
9.92,8.66,9.09,3.19,7.28,8.47,7.3,5.66,8.41,4.92,Software Developer
6.75,7.09,4.0,9.98,5.2,8.07,7.68,4.88,6.24,6.13,Mobile App Developer
7.45,2.84,7.31,7.45,4.39,9.14,5.28,3.45,7.74,4.91,AI Engineer
6.48,8.5,7.86,7.16,4.9,9.52,4.37,6.73,7.75,4.68,Mobile App Developer
6.99,7.9,6.15,7.66,3.24,7.35,7.32,5.54,7.82,5.83,Java Developer
7.92,3.96,3.16,3.37,9.06,9.48,6.33,2.72,9.51,4.3,Game Developer
4.12,6.61,3.47,7.4,5.47,7.84,5.42,9.74,7.07,7.77,UI/UX Designer
6.45,7.61,5.99,3.95,5.19,9.72,9.54,3.01,8.27,4.02,Java Developer
8.4,4.05,7.15,4.3,8.66,7.02,3.6,5.6,7.91,5.92,Game Developer
9.42,6.34,8.02,3.36,7.76,8.01,7.28,3.03,9.54,5.82,Data Analyst
7.42,7.15,7.75,5.99,5.53,7.38,7.91,5.43,5.26,3.43,Database Administrator
7.27,3.87,4.46,5.32,9.03,7.78,7.95,2.67,8.21,4.99,Game Developer
9.24,8.73,7.14,8.03,2.85,7.97,7.64,7.21,7.64,2.67,Full Stack Developer
7.09,7.58,9.5,7.1,7.75,8.37,7.55,6.38,7.82,7.03,Software Engineer
7.34,5.3,9.72,4.42,6.5,9.46,6.98,3.8,7.44,3.58,AI Engineer
5.34,4.03,7.65,4.53,7.73,4.3,7.01,6.76,6.53,9.19,Technical Support
3.2,9.19,7.72,7.72,8.17,9.98,7.81,2.68,5.81,7.57,Embedded Engineer
5.23,7.47,4.07,9.4,5.84,4.44,6.0,8.86,6.23,9.16,UI/UX Designer
8.89,8.86,7.13,3.31,6.24,7.09,7.72,3.1,2.6,4.23,DevOps Engineer
7.67,7.01,7.07,7.9,6.2,5.49,5.43,9.47,3.86,4.4,Full Stack Developer
9.39,3.75,7.07,3.56,4.31,9.59,7.82,4.04,6.03,4.7,Python Developer
9.82,9.26,3.59,5.3,5.25,7.14,3.25,4.33,5.11,5.01,DevOps Engineer
7.3,4.94,6.32,9.71,2.75,6.88,4.11,8.12,3.3,8.59,UI/UX Designer
8.6,7.93,6.95,5.08,7.09,4.52,9.84,7.91,5.04,4.05,Cloud Engineer
7.61,6.79,5.72,3.35,7.49,8.4,4.74,5.45,9.89,3.64,Game Developer
8.29,4.06,9.04,5.18,6.17,7.14,4.67,5.8,7.02,4.16,AI Engineer
9.01,9.57,7.99,6.32,4.09,9.84,6.97,5.53,8.36,4.23,Software Developer
8.42,9.55,7.9,9.12,6.93,7.53,5.59,9.9,5.57,3.24,Full Stack Developer
9.63,3.95,8.5,3.48,7.52,9.61,7.9,6.01,8.83,3.34,Data Analyst
2.89,8.89,3.76,7.48,7.23,7.21,7.71,6.18,7.64,3.23,Java Developer
8.24,5.96,7.58,6.33,5.22,7.73,6.11,2.53,6.63,6.74,Python Developer
4.26,7.71,3.6,4.23,7.81,9.91,7.87,6.32,5.2,8.73,Network Engineer
7.7,4.41,7.12,7.32,9.85,7.0,6.12,7.17,9.18,3.07,Game Developer
3.33,7.62,9.57,5.54,7.53,9.22,4.81,4.27,4.79,9.16,Business Analyst
7.34,9.64,4.53,3.37,7.09,9.11,8.84,7.93,8.96,2.54,Java Developer
8.6,9.13,4.15,6.99,4.53,9.02,7.89,5.71,6.88,6.49,DevOps Engineer
9.77,8.52,9.64,7.25,4.02,9.37,4.78,7.64,8.52,7.01,Software Developer
7.77,9.73,9.74,2.87,8.16,8.19,4.29,4.02,8.37,7.3,Software Engineer
7.17,6.06,6.22,3.4,7.91,7.73,7.52,3.38,5.58,9.88,Network Engineer
9.93,5.39,4.06,7.3,3.57,3.75,3.49,7.04,5.44,4.01,Web Developer
4.36,5.68,5.61,5.17,4.39,6.25,7.15,3.05,6.81,8.38,Technical Support
9.71,9.14,8.51,7.45,9.4,9.03,5.91,3.16,9.27,3.45,Software Engineer
8.14,2.53,4.43,9.26,7.19,7.74,4.8,9.24,5.5,5.82,Web Developer
7.68,8.19,3.06,4.16,7.41,7.47,7.72,6.86,7.78,6.07,Embedded Engineer
6.96,4.62,6.15,9.46,7.89,5.22,2.7,8.51,5.75,9.61,UI/UX Designer
3.0,7.7,3.7,5.4,7.0,9.75,3.61,3.22,6.44,7.55,Embedded Engineer
3.83,4.57,6.99,4.66,3.13,8.69,8.78,5.5,6.25,8.65,Network Engineer
7.83,9.81,9.18,7.34,6.95,4.81,6.71,9.65,2.59,3.63,Full Stack Developer
7.31,9.54,7.18,4.07,6.7,4.0,9.72,3.31,4.91,7.71,Cloud Engineer
7.33,5.95,9.38,4.82,2.85,8.14,9.99,5.41,9.91,7.23,Data Analyst
5.42,8.91,7.16,4.77,6.45,3.05,6.74,2.53,5.53,9.79,QA Tester
7.29,7.38,3.25,5.0,6.19,9.23,9.84,4.81,6.58,3.35,Cybersecurity Analyst
8.81,6.68,8.97,3.47,6.75,8.48,6.65,6.68,8.35,7.58,AI Engineer
5.25,4.4,2.64,3.08,4.79,9.89,7.35,7.67,3.28,7.94,Network Engineer
7.75,3.46,6.14,2.64,2.58,9.37,7.71,4.28,3.46,2.79,Cybersecurity Analyst
9.77,2.87,7.07,3.01,3.03,9.22,9.44,5.56,5.73,5.59,Cybersecurity Analyst
5.66,8.61,9.17,7.65,7.52,3.46,7.35,3.47,7.56,9.99,QA Tester
2.99,9.13,6.02,7.38,8.34,7.8,3.87,2.87,3.91,3.09,Embedded Engineer
7.85,6.03,8.35,6.24,4.39,9.63,9.34,6.02,3.5,7.81,Database Administrator
9.43,3.97,9.36,3.09,7.3,9.58,3.72,6.99,5.03,4.18,Python Developer
3.94,7.24,5.4,6.02,5.78,8.83,8.76,4.41,7.15,8.85,Network Engineer
8.52,5.04,8.66,6.85,7.43,8.35,6.95,6.09,7.96,5.12,AI Engineer
8.33,3.68,8.42,7.46,6.88,7.51,2.97,5.33,5.98,4.34,Python Developer
7.86,5.23,8.49,7.58,5.36,9.4,9.18,2.93,5.81,7.02,Database Administrator
7.32,4.84,7.53,7.77,5.35,7.15,3.87,7.17,5.01,6.91,Python Developer
7.38,6.18,5.6,7.65,6.35,6.72,3.42,8.82,6.61,3.13,Web Developer
8.94,9.73,9.48,2.89,3.41,7.92,6.62,5.63,7.87,3.18,Software Developer
7.49,9.68,9.25,6.29,7.86,8.16,3.4,5.65,9.89,7.21,Software Engineer
7.66,5.28,7.08,3.59,6.07,8.63,7.66,5.74,9.43,2.54,Data Analyst
8.43,5.52,7.8,7.3,4.83,7.64,8.62,6.51,7.6,4.21,Data Analyst
5.89,4.03,7.93,5.31,3.62,9.42,5.45,4.65,5.99,9.5,Business Analyst
6.89,8.06,7.12,7.15,7.53,8.78,6.93,6.34,7.53,2.66,Embedded Engineer
9.69,6.59,8.42,3.93,3.86,8.91,6.71,5.37,5.95,4.01,Python Developer
8.92,8.73,6.08,6.72,4.79,8.92,5.24,5.95,4.09,7.76,DevOps Engineer
7.25,8.95,6.28,3.39,7.22,9.54,4.12,4.25,7.73,2.91,Embedded Engineer
7.17,5.29,7.93,4.99,2.81,9.5,2.92,7.25,9.57,5.88,AI Engineer
7.83,9.78,7.17,3.41,5.17,7.64,8.2,2.82,8.14,7.92,Java Developer
7.82,7.66,5.61,7.65,7.42,9.24,3.81,7.9,3.42,7.37,Embedded Engineer
6.99,7.93,8.27,3.23,2.89,8.15,6.52,3.06,4.22,9.64,Business Analyst
4.06,4.14,5.73,10.0,5.19,3.32,5.46,8.04,5.54,8.63,UI/UX Designer
9.19,4.23,8.82,5.31,4.62,8.73,3.9,6.4,2.51,7.59,Python Developer
7.63,3.25,7.77,4.3,2.54,9.24,3.47,4.59,9.11,5.25,AI Engineer
2.74,3.6,7.13,7.63,5.33,9.97,8.63,3.89,6.64,3.55,Database Administrator
9.23,5.39,6.6,5.12,6.78,8.54,7.33,5.27,7.7,2.74,Cybersecurity Analyst
7.63,4.01,6.1,3.88,4.55,7.47,7.5,4.68,4.18,9.1,Technical Support
7.63,4.3,6.69,8.14,6.64,7.08,3.89,7.25,2.61,5.47,Web Developer
9.94,5.45,9.82,3.13,7.84,7.54,7.79,3.96,3.1,4.89,Python Developer
9.16,4.15,7.93,4.75,4.71,7.89,3.2,4.81,7.67,6.23,Python Developer
6.46,3.42,7.38,6.8,3.98,9.66,6.74,2.66,6.94,7.82,Business Analyst
8.52,8.91,7.37,2.67,8.12,8.78,3.48,7.29,8.76,4.42,Software Engineer
8.59,3.81,5.21,2.83,9.99,9.13,3.01,7.57,9.69,5.36,Game Developer
8.15,8.58,7.81,6.99,6.91,3.26,7.75,6.03,7.31,5.55,Cloud Engineer
6.35,9.84,5.6,5.6,7.56,9.96,7.35,5.21,4.2,5.2,Embedded Engineer
3.78,4.73,3.51,6.02,4.88,7.09,8.84,3.59,5.76,8.17,Network Engineer
2.92,7.49,3.82,9.5,4.64,9.69,4.32,6.66,3.27,7.94,Mobile App Developer
7.2,7.28,6.23,4.06,6.48,6.11,9.72,7.3,4.33,5.71,Cloud Engineer
7.66,3.71,4.9,7.09,4.35,6.24,4.72,7.5,5.07,3.2,Web Developer
3.96,7.84,3.81,2.77,8.72,9.52,3.34,4.48,4.85,4.12,Embedded Engineer
9.92,8.33,9.48,3.98,8.25,8.94,3.53,3.66,9.47,6.58,Software Engineer
4.88,7.51,7.17,3.18,3.34,7.49,7.97,6.4,4.4,7.67,Database Administrator
5.5,4.27,7.24,6.14,4.19,8.81,8.28,6.29,4.43,2.73,Database Administrator
2.97,8.86,6.89,9.14,2.95,7.46,6.41,5.99,6.57,4.24,Mobile App Developer
8.45,9.41,6.27,4.14,2.9,7.18,4.92,5.16,3.62,5.84,DevOps Engineer
2.85,6.42,8.73,2.92,5.0,8.08,5.25,5.62,4.52,7.77,Business Analyst
5.73,4.43,6.41,5.98,3.41,3.27,7.62,3.64,2.83,8.05,Technical Support
7.47,8.64,7.09,5.7,3.31,7.38,7.92,7.44,9.39,7.23,Java Developer
7.45,8.69,2.68,9.79,4.23,9.88,5.73,6.64,6.42,4.69,Mobile App Developer
9.5,6.93,7.22,7.24,2.73,7.06,7.57,7.24,8.73,5.65,AI Engineer
7.8,6.82,7.55,7.96,7.27,3.2,9.6,3.87,6.41,9.49,Technical Support
7.29,4.44,9.99,4.01,7.89,9.84,7.23,6.01,4.5,6.91,Database Administrator
4.01,5.46,3.43,5.02,6.58,6.71,8.65,3.12,3.13,9.33,Technical Support
6.48,7.89,7.82,9.41,4.51,6.85,2.58,8.61,5.0,9.02,UI/UX Designer
4.36,6.31,6.07,9.56,7.19,7.23,4.59,7.95,6.45,9.28,UI/UX Designer
8.49,9.92,9.82,9.01,6.82,4.25,4.79,7.45,4.57,6.65,Full Stack Developer
8.59,5.0,5.83,3.05,6.36,9.56,8.95,6.73,6.46,3.68,Cybersecurity Analyst
9.5,8.5,9.15,5.3,4.0,9.5,7.89,3.84,8.65,4.61,Software Developer
2.64,8.06,3.01,8.79,4.28,8.16,4.11,4.63,2.97,7.46,Mobile App Developer
3.86,9.26,9.62,2.95,4.96,6.37,2.93,5.6,2.84,8.64,QA Tester
9.12,4.9,6.54,9.9,3.99,6.95,5.46,8.45,4.9,6.52,Web Developer
7.96,4.12,7.88,8.97,4.01,5.61,6.27,9.23,2.77,8.82,UI/UX Designer
8.29,4.54,5.28,8.02,7.17,7.02,3.08,9.88,6.0,7.06,Web Developer
7.83,8.74,5.48,6.61,2.81,8.75,8.51,7.19,7.47,7.78,Java Developer
8.29,9.65,6.5,6.7,4.51,8.2,5.64,3.57,5.54,2.9,DevOps Engineer
7.3,2.7,2.88,8.89,7.57,7.99,6.61,8.3,3.04,8.9,UI/UX Designer
5.98,3.83,6.12,6.43,6.84,7.22,9.97,5.14,4.7,8.52,Network Engineer
7.45,9.07,4.76,6.76,7.56,9.62,6.55,2.84,3.26,3.64,DevOps Engineer
6.69,6.22,5.19,5.68,3.98,4.78,8.36,5.98,7.34,7.28,Technical Support
2.56,3.92,5.31,5.35,5.69,8.73,8.34,4.65,6.75,8.77,Network Engineer
8.13,9.05,8.99,8.62,6.09,4.41,3.48,8.61,5.41,6.5,Full Stack Developer
9.37,8.03,6.53,5.96,6.74,6.54,8.0,2.74,5.5,6.97,Cloud Engineer
7.81,2.93,4.55,5.26,9.71,7.54,6.92,7.9,9.86,2.88,Game Developer
5.02,7.77,7.56,6.55,6.85,5.62,6.67,3.47,7.21,9.69,QA Tester
8.69,7.91,9.98,3.15,6.7,8.82,6.85,3.74,8.57,4.98,Software Developer
3.23,7.46,9.24,5.83,4.79,5.52,5.09,5.46,6.15,7.66,QA Tester
7.39,7.48,7.06,4.32,7.13,8.38,3.42,5.66,9.47,4.67,Game Developer
9.53,3.84,8.77,5.38,4.68,7.93,4.37,4.33,7.5,5.31,AI Engineer
4.81,8.75,5.38,7.64,3.62,9.15,7.72,4.68,9.02,4.15,Java Developer
7.97,9.91,8.21,5.33,7.93,8.97,5.48,4.77,7.56,4.49,Software Developer
7.23,4.07,7.82,4.26,5.47,7.42,3.77,6.32,6.39,2.85,Python Developer
8.58,8.52,7.94,5.55,4.65,5.09,8.91,7.9,3.9,2.59,Cloud Engineer
7.48,7.88,5.65,3.43,4.59,7.42,7.9,5.21,2.85,8.3,Network Engineer
8.51,9.29,4.04,7.94,6.24,7.36,7.86,4.67,6.87,4.36,DevOps Engineer
4.59,8.66,2.81,7.03,3.44,8.5,4.89,6.81,5.61,7.22,Mobile App Developer
5.61,6.86,3.43,7.24,7.29,5.91,3.82,9.74,3.29,8.38,UI/UX Designer
4.07,7.54,8.47,3.17,7.19,8.36,9.7,4.95,2.98,6.25,Database Administrator
4.68,8.49,9.81,7.79,7.59,7.32,2.55,5.62,3.09,9.95,QA Tester
5.28,5.22,6.27,4.79,7.12,5.19,7.25,2.67,6.69,7.88,Technical Support
9.11,4.2,8.02,2.53,7.28,8.7,4.7,3.28,8.9,2.67,AI Engineer
7.98,8.99,5.39,4.23,3.45,9.74,4.38,4.45,6.75,6.47,DevOps Engineer
7.66,2.85,7.03,7.5,4.16,8.22,7.42,7.7,4.17,5.21,Cybersecurity Analyst
6.51,9.02,7.91,3.04,4.71,8.02,9.59,3.87,7.57,4.97,Java Developer
7.3,7.1,8.79,9.11,2.77,6.57,4.71,7.7,3.69,7.25,Full Stack Developer
8.41,9.52,9.74,8.11,4.78,5.59,3.72,7.44,3.93,7.64,Full Stack Developer
4.73,8.7,7.95,7.68,6.26,9.54,6.1,7.22,6.68,3.01,Mobile App Developer
9.51,9.65,2.71,4.35,6.71,3.22,8.13,3.39,7.07,6.74,Cloud Engineer
5.62,5.83,9.04,7.72,4.55,9.29,8.72,5.41,4.69,6.07,Database Administrator
3.18,7.22,4.93,2.5,7.77,3.61,9.07,3.23,6.07,7.48,Technical Support
7.92,2.82,9.63,7.71,2.97,8.46,7.21,6.68,9.3,3.21,Data Analyst
9.07,9.1,9.83,5.25,5.22,7.24,2.72,4.88,7.97,3.88,Software Developer
7.94,9.16,6.54,7.23,7.86,7.39,4.54,5.59,4.26,5.07,DevOps Engineer
8.66,9.33,8.14,8.6,4.48,3.94,5.32,8.49,3.04,7.9,Full Stack Developer
2.52,9.31,6.0,3.94,6.58,8.66,8.28,2.55,7.23,7.36,Java Developer
8.69,5.99,8.87,7.25,5.95,7.45,2.88,4.93,7.91,4.01,AI Engineer
2.72,2.83,9.37,5.29,5.96,8.5,4.78,6.36,2.95,8.61,Business Analyst
9.27,8.88,9.28,3.62,5.52,9.78,4.91,6.34,7.36,7.85,Software Developer
9.02,5.72,7.02,7.67,3.1,7.7,7.08,7.36,5.59,7.53,Cybersecurity Analyst
7.86,7.3,6.11,3.97,9.45,9.75,2.81,7.98,3.71,7.16,Embedded Engineer
9.43,7.5,4.91,4.76,6.22,3.81,8.33,4.07,6.62,4.97,Cloud Engineer
9.24,3.87,5.04,6.92,7.42,7.04,7.07,7.9,7.39,7.03,Game Developer
9.9,7.65,4.44,2.78,5.22,9.65,6.1,5.09,5.45,7.16,DevOps Engineer
7.73,7.43,4.86,5.88,3.82,4.79,8.99,2.97,7.86,2.87,Cloud Engineer
9.06,7.08,5.11,7.82,6.81,9.33,5.68,6.47,5.71,3.44,DevOps Engineer
9.59,7.87,9.43,7.35,2.64,9.21,4.33,7.62,6.91,7.25,Python Developer
4.14,8.0,4.97,4.42,6.99,4.91,9.98,6.77,3.8,9.43,Technical Support
9.07,5.95,3.06,9.32,7.18,5.8,3.17,9.95,6.8,4.41,Web Developer
3.87,3.12,9.21,5.24,4.63,8.69,7.79,3.93,4.95,7.98,Database Administrator
3.46,6.79,8.39,6.32,5.97,9.43,7.19,6.77,5.02,4.11,Database Administrator
9.41,6.87,7.94,6.8,8.08,8.63,5.17,7.52,8.51,4.64,Game Developer
5.28,8.72,7.45,4.3,5.36,3.14,3.63,5.71,3.0,8.53,QA Tester
6.3,7.16,8.98,4.16,5.35,8.53,6.61,4.13,2.8,9.69,Business Analyst
9.42,6.51,8.61,7.85,4.58,8.66,9.49,5.9,9.59,5.68,Data Analyst
10.0,4.42,6.08,9.34,6.08,6.65,7.72,7.6,2.61,3.34,Web Developer
7.73,7.61,8.94,9.77,7.16,3.01,6.49,7.57,3.98,6.21,Full Stack Developer
6.25,2.86,9.1,6.51,7.16,7.17,2.97,4.89,4.99,8.83,Business Analyst
7.15,4.26,8.04,2.86,5.48,9.67,9.55,6.41,7.6,6.01,Database Administrator
6.38,3.63,6.64,6.95,2.84,7.31,9.62,3.53,4.29,8.37,Network Engineer
8.73,3.67,6.11,3.73,3.1,9.54,8.1,6.69,5.66,6.94,Cybersecurity Analyst
7.68,7.81,7.18,6.64,9.0,7.26,4.39,5.48,9.91,5.74,Software Engineer
5.0,3.64,5.16,5.12,4.91,9.09,7.96,4.15,6.96,7.35,Network Engineer
7.89,9.46,9.86,6.93,4.1,4.08,6.43,4.4,4.93,7.77,QA Tester
9.43,8.36,8.54,8.37,2.82,5.04,6.94,9.17,4.68,6.99,Full Stack Developer
3.02,8.58,2.73,7.63,7.27,9.66,5.12,2.76,2.91,7.59,Mobile App Developer
7.9,7.14,4.81,6.87,5.01,3.11,9.72,5.78,2.59,5.33,Cloud Engineer
5.53,5.87,7.26,4.2,8.0,9.16,8.58,6.73,7.03,2.91,Database Administrator
7.42,8.05,7.82,6.34,4.66,5.77,9.81,4.2,4.57,6.85,Cloud Engineer
9.24,3.68,8.26,4.37,4.54,9.16,6.77,5.62,7.25,2.79,AI Engineer
7.83,7.43,8.83,6.32,7.12,9.67,4.32,3.81,9.24,7.56,Software Engineer
8.66,9.52,9.46,4.8,8.61,9.6,5.11,7.35,8.43,2.93,Software Engineer
3.9,3.9,2.55,9.41,7.46,6.23,3.37,8.33,4.4,8.76,UI/UX Designer
8.33,9.58,9.97,4.18,5.92,8.83,6.57,7.71,7.62,3.66,Software Developer
5.19,3.27,4.23,4.98,2.79,4.47,7.03,3.25,6.98,9.89,Technical Support
9.11,2.75,7.68,4.09,2.94,7.7,7.3,4.03,8.91,4.51,Data Analyst
7.03,6.46,9.05,5.45,3.97,8.92,7.33,4.89,8.36,7.75,Data Analyst
7.75,5.22,7.34,5.25,5.77,8.58,7.88,7.93,7.64,7.4,Business Analyst
7.02,9.9,6.03,8.47,3.43,9.38,3.43,6.46,5.19,7.54,Mobile App Developer
7.67,8.35,4.42,2.65,2.79,5.26,7.71,7.97,4.56,2.66,Cloud Engineer
9.35,7.27,5.37,5.02,7.8,7.18,8.44,4.71,6.27,5.2,Cybersecurity Analyst
7.47,5.9,9.02,4.0,6.14,8.46,4.93,4.0,9.26,3.13,AI Engineer
